code,system
Eu81z00,readv2
Eu7z.00,readv2
Eu7zz00,readv2
Eu71.00,readv2
312,readv2
Eu72z00,readv2
Eu7yy00,readv2
Eu70z00,readv2
Eu72y00,readv2
Eu71z00,readv2
Eu70y00,readv2
Eu7yz00,readv2
Eu73z00,readv2
E310.00,readv2
E311.00,readv2
E30..00,readv2
Eu81y00,readv2
ZS34.00,readv2
Eu81.00,readv2
E31z.00,readv2
E2F2.00,readv2
E3y..00,readv2
E31..00,readv2
Eu84112,readv2
Eu7..00,readv2
Eu7y.00,readv2
Eu70.00,readv2
E3z..00,readv2
E3...00,readv2
311,readv2
315,readv2
315 HC,readv2
Eu73y00,readv2
E312.00,readv2
Eu73.00,readv2
Eu72.00,readv2
313,readv2
13Z4E00,readv2
Z7CD200,readv2
Eu81z11,readv2
ZS34.11,readv2